"image_id","product_id","image_name","name","ordering"
"747","1","100elegance-galt.jpg",,"1"
"738","48","elegance1500galt.jpg",,"1"
"43","30","55-nova-za-kamen.jpg",,"1"
"440","29","52-1.jpg",,"1"
"45","31","55.jpg",,"1"
"49","33","61.jpg",,"1"
"51","34","59.jpg",,"1"
"331","35","555-2-s2.jpg",,"1"
"55","36","adena-topaz.jpg",,"1"
"57","37","555df.jpg",,"1"
"61","39","538.jpg",,"1"
"63","40","031.jpg",,"1"
"65","41","adena-salsa.jpg",,"1"
"71","43","460-1df.jpg",,"1"
"73","44","503df.jpg",,"1"
"75","45","460-3.jpg",,"1"
"77","46","020.jpg",,"1"
"79","47","460-1dfu.jpg",,"1"
"739","49","1500_stol-1.jpg",,"1"
"444","175","1304-1142-slap.jpg",,"1"
"1901","729","020_SFO_DTK_2_web_2.png",,"1"
"92","51","554-1DF.jpg",,"1"
"96","53","istria.jpg",,"1"
"100","55","552f.jpg",,"1"
"740","58","558cp.jpg",,"1"
"115","59","kr2.jpg",,"1"
"741","60","605.jpg",,"1"
"180","61","553sp.jpg",,"1"
"742","62","557.jpg",,"1"
"179","63","20cp.jpg",,"1"
"966","64","20sp.jpg",,"1"
"743","65","krovic-romb.jpg",,"1"
"132","66","mino.jpg",,"1"
"135","67","013.jpg",,"1"
"137","68","4645f.jpg",,"1"
"143","71","19fz.jpg",,"1"
"147","73","19f.jpg",,"1"
"149","74","020-osnovini.jpg",,"1"
"151","75","stanio.jpg",,"1"
"153","76","zaobljeni_3.jpg",,"1"
"155","77","006.jpg",,"1"
"157","78","004.jpg",,"1"
"159","79","05.jpg",,"1"
"161","80","001.jpg",,"1"
"163","81","01-1.jpg",,"1"
"165","82","NON-_olio_stanlio_.jpg",,"1"
"167","83","NOV-_olio_stanlio_.jpg",,"1"
"169","84","rrrn1.jpg",,"1"
"171","85","RM--_1-2-3-kamini_.jpg",,"1"
"173","86","RRN.jpg",,"1"
"175","87","RN-007.jpg",,"1"
"282","91","3021K.jpg",,"1"
"305","93","65-1-K.jpg",,"1"
"235","94","931b.jpg",,"1"
"236","95","932b.jpg",,"1"
"229","96","93b.jpg",,"1"
"197","97","72s.jpg",,"1"
"205","98","73s.jpg",,"1"
"207","99","66.jpg",,"1"
"209","100","67.jpg",,"1"
"211","101","150.jpg",,"1"
"230","102","335b.jpg",,"1"
"231","103","336b.jpg",,"1"
"232","104","337b.jpg",,"1"
"233","105","338b.jpg",,"1"
"234","106","339b.jpg",,"1"
"228","107","71b.jpg",,"1"
"283","127","302.jpg",,"1"
"256","109","322bp.jpg",,"1"
"242","110","93-3bp.jpg",,"1"
"270","126","300b.jpg",,"1"
"246","112","941bp.jpg",,"1"
"248","113","91bp.jpg",,"1"
"250","114","329bp.jpg",,"1"
"252","115","320bp.jpg",,"1"
"254","116","325bp.jpg",,"1"
"257","117","942bpz.jpg",,"1"
"264","123","302b.jpg",,"1"
"266","124","303b.jpg",,"1"
"268","125","301b.jpg",,"1"
"276","128","303.jpg",,"1"
"279","129","300.jpg",,"1"
"281","130","303s.jpg",,"1"
"300","92","303-1-K.jpg",,"1"
"306","132","67-K.jpg",,"1"
"304","133","340-1-K.jpg",,"1"
"307","134","66-K.jpg",,"1"
"308","135","338-BP.jpg",,"1"
"310","136","334-BP-NARCISA.jpg",,"1"
"312","137","HORTENZIJA.jpg",,"1"
"314","138","94-3-bp.jpg",,"1"
"318","139","94-2B.jpg",,"1"
"321","140","332b.jpg",,"1"
"323","141","337-BP.jpg",,"1"
"325","142","335-BP.jpg",,"1"
"327","143","336-BP.jpg",,"1"
"329","144","339-BP.jpg",,"1"
"344","145","1000pje.jpg",,"1"
"1687","150","803SP-2.jpg",,"3"
"395","148","803-WP.jpg",,"1"
"435","147","803-W.jpg",,"1"
"424","166","804-1W_2.jpg",,"2"
"404","152","800-B.jpg",,"1"
"410","153","801-C_2.jpg",,"2"
"1636","154","801CP.jpg",,"1"
"406","155","800-CP_2.jpg",,"5"
"405","155","800-CP.jpg",,"4"
"409","153","801-C.jpg",,"1"
"420","165","806-W.jpg",,"1"
"422","166","804-1W.jpg",,"1"
"412","157","807-C.jpg",,"1"
"411","156","807-B.jpg",,"1"
"413","158","802-C.jpg",,"1"
"414","159","802-OC.jpg",,"1"
"417","164","806-S.jpg",,"1"
"1664","161","803-1s.jpg",,"1"
"415","160","802-SP.jpg",,"1"
"401","162","803-1-WP.jpg",,"1"
"1667","167","804-1b.jpg",,"2"
"429","168","804-2SP.jpg",,"1"
"427","167","804-1B.jpg",,"1"
"450","178","13011-1142.jpg",,"1"
"448","177","1303-1142.jpg",,"1"
"446","176","1307-1142.jpg",,"1"
"437","174","505-sabella.jpg",,"1"
"452","179","1300-1141.jpg",,"1"
"454","180","138-1141.jpg",,"1"
"456","181","1303-1141.jpg",,"1"
"458","182","115.jpg",,"1"
"460","183","1242.jpg",,"1"
"462","184","124.jpg",,"1"
"464","185","1251.jpg",,"1"
"466","186","1252.jpg",,"1"
"468","187","1161.jpg",,"1"
"471","188","116.jpg",,"1"
"473","189","1162.jpg",,"1"
"475","190","padova-1.jpg",,"1"
"477","191","padova-2.jpg",,"1"
"479","192","padova-3.jpg",,"1"
"481","193","1061.jpg",,"1"
"483","194","113.jpg",,"1"
"485","195","1132.jpg",,"1"
"487","196","119-1302-1312.jpg",,"1"
"489","197","1301-1191.jpg",,"1"
"493","199","svirac_a.jpg",,"1"
"495","200","svirac_b.jpg",,"1"
"497","201","svirac_c.jpg",,"1"
"499","202","svirac_d.jpg",,"1"
"501","203","svirac_e.jpg",,"1"
"503","204","136bp.jpg",,"1"
"506","205","1393.jpg",,"1"
"508","206","1392.jpg",,"1"
"515","207","DINO-3.jpg",,"1"
"517","208","134-0-BP.jpg",,"1"
"519","209","1309.jpg",,"1"
"521","210","1304.jpg",,"1"
"527","211","1300.jpg",,"1"
"526","212","130.jpg",,"1"
"529","213","1307.jpg",,"1"
"531","214","1396.jpg",,"1"
"533","215","1399.jpg",,"1"
"535","216","1306.jpg",,"1"
"537","217","13013.jpg",,"1"
"539","218","1305.jpg",,"1"
"542","219","13011311.jpg",,"1"
"544","220","1308.jpg",,"1"
"551","221","208-1c.jpg",,"1"
"548","222","208-1S.jpg",,"1"
"550","223","208-2c.jpg",,"1"
"553","224","208-2S.jpg",,"1"
"555","225","208-3C.jpg",,"1"
"557","226","208-3S.jpg",,"1"
"559","227","208-4C.jpg",,"1"
"561","228","208-4S.jpg",,"1"
"563","229","128-1-K-LOMLJENI.jpg",,"1"
"565","230","127-BP.jpg",,"1"
"567","231","127-9s.jpg",,"1"
"569","232","127-8-BP.jpg",,"1"
"571","233","127-7-BP.jpg",,"1"
"573","234","128-2-K.jpg",,"1"
"575","235","128-3-K.jpg",,"1"
"577","236","128-4B.jpg",,"1"
"579","237","128-4-K.jpg",,"1"
"581","238","128-5B.jpg",,"1"
"583","239","129bp.jpg",,"1"
"1877","240","128BP.png",,"1"
"587","241","127-1bp.jpg",,"1"
"599","243","215.jpg",,"1"
"594","244","215s.jpg",,"1"
"598","245","215c.jpg",,"1"
"601","246","b1.jpg",,"1"
"603","247","b2.jpg",,"1"
"605","248","b3.jpg",,"1"
"607","249","b4.jpg",,"1"
"609","250","b5.jpg",,"1"
"670","251","140-1.jpg",,"1"
"613","252","157-5.jpg",,"1"
"615","253","157.jpg",,"1"
"617","254","259.jpg",,"1"
"619","255","265.jpg",,"1"
"672","256","270.jpg",,"1"
"623","257","263.jpg",,"1"
"625","258","142-2.jpg",,"1"
"627","259","161-1.jpg",,"1"
"629","260","268.jpg",,"1"
"631","261","157-9.jpg",,"1"
"633","262","264.jpg",,"1"
"635","263","269.jpg",,"1"
"637","264","258.jpg",,"1"
"639","265","142-1.jpg",,"1"
"641","266","157-3.jpg",,"1"
"643","267","161-5.jpg",,"1"
"645","268","266.jpg",,"1"
"647","269","267.jpg",,"1"
"649","270","255.jpg",,"1"
"651","271","260.jpg",,"1"
"653","272","2501317.jpg",,"1"
"655","273","16021601.jpg",,"1"
"657","274","16031601.jpg",,"1"
"659","275","1613.jpg",,"1"
"671","276","143.jpg",,"1"
"663","277","161.jpg",,"1"
"665","278","251.jpg",,"1"
"667","279","252.jpg",,"1"
"669","280","160-0.jpg",,"1"
"683","281","141.jpg",,"1"
"676","282","254.jpg",,"1"
"680","283","157-1.jpg",,"1"
"679","284","253.jpg",,"1"
"682","285","157-2-151.jpg",,"1"
"685","286","158.jpg",,"1"
"687","287","158-1.jpg",,"1"
"689","288","159.jpg",,"1"
"691","289","160.jpg",,"1"
"693","290","139-5.jpg",,"1"
"695","291","139-4.jpg",,"1"
"697","292","134-1-147-166-1.jpg",,"1"
"699","293","135-2.jpg",,"1"
"701","294","135-3.jpg",,"1"
"703","295","275.jpg",,"1"
"705","296","146-9.jpg",,"1"
"707","297","146-5.jpg",,"1"
"709","298","146-1.jpg",,"1"
"711","299","146-7.jpg",,"1"
"713","300","144.jpg",,"1"
"715","301","146-6.jpg",,"1"
"717","302","146-8.jpg",,"1"
"719","303","145.jpg",,"1"
"721","304","274.jpg",,"1"
"723","305","145-kopac.jpg",,"1"
"725","306","146.jpg",,"1"
"727","307","146-4.jpg",,"1"
"968","411","smart_kulir.jpg",,"1"
"731","309","146-3.jpg",,"1"
"733","310","146-2.jpg",,"1"
"745","311","606CP.jpg",,"1"
"755","314","179-1s.jpg",,"1"
"753","313","179.jpg",,"1"
"757","315","179-1c.jpg",,"1"
"759","316","179-2s.jpg",,"1"
"761","317","179-2c.jpg",,"1"
"763","318","182c.jpg",,"1"
"765","319","182s.jpg",,"1"
"767","320","180.jpg",,"1"
"769","321","183.jpg",,"1"
"777","325","186.jpg",,"1"
"779","326","186-1.jpg",,"1"
"781","327","186-2.jpg",,"1"
"783","328","209.jpg",,"1"
"785","329","210.jpg",,"1"
"787","330","ab.jpg",,"1"
"789","331","198.jpg",,"1"
"791","332","199.jpg",,"1"
"793","333","200.jpg",,"1"
"795","334","200-1.jpg",,"1"
"797","335","201.jpg",,"1"
"799","336","189s.jpg",,"1"
"826","338","212grebani.jpg",,"1"
"827","339","212k-lomljeni.jpg",,"1"
"828","340","213grebani.jpg",,"1"
"829","341","213k.jpg",,"1"
"830","342","213klomljeni.jpg",,"1"
"813","343","203k.jpg",,"1"
"815","344","204-1.jpg",,"1"
"817","345","204-1k.jpg",,"1"
"819","346","204k.jpg",,"1"
"821","347","205.jpg",,"1"
"823","348","205k.jpg",,"1"
"825","349","205prani.jpg",,"1"
"869","350","200x200b.jpg",,"1"
"848","357","alfa_ls.jpg",,"1"
"857","358","bef_71_cl.jpg",,"1"
"871","368","20x400s.jpg",,"1"
"883","374","200x300b.jpg",,"1"
"885","375","200x500c.jpg",,"1"
"913","382","20-20rb.jpg",,"1"
"905","385","rb23.jpg",,"1"
"918","389","stol_2m.jpg",,"1"
"919","390","stol_utor.jpg",,"1"
"920","391","klupa_2m.jpg",,"1"
"922","392","barkoni_stol.jpg",,"1"
"1297","573","45x51k1.jpg",,"1"
"1040","395","1-10-00.jpg",,"1"
"1041","397","1-1500.jpg",,"1"
"932","340","213grebani1.jpg",,"2"
"937","398","96-4-95-96-5-95-1.jpg",,"3"
"936","398","96-4-95-96-5-95-13.jpg",,"2"
"939","399","PROTECT-BLOCK.jpg",,"1"
"940","399","PROTECT-BLOCK2.jpg",,"2"
"944","400","ograd2_kocka.jpg",,"2"
"943","400","ograd2.jpg",,"1"
"949","402","kugla.jpg",,"1"
"951","403","0011.jpg",,"1"
"953","404","0003.jpg",,"1"
"955","405","202-1.jpg",,"1"
"957","406","202.jpg",,"1"
"970","412","mini_kamin_2.jpg",,"1"
"974","414","smart_crveni.jpg",,"1"
"988","415","504_sa.jpg",,"1"
"978","416","340-2k-340-1k.jpg",,"1"
"979","416","340-2k-340-1kv2.jpg",,"2"
"981","417","rustika-stup.jpg",,"1"
"983","418","istarska-i-stup.jpg",,"1"
"985","419","primula-i-stup.jpg",,"1"
"987","420","92bp.jpg",,"1"
"990","421","mo-1-1.jpg",,"1"
"993","421","motor_za_razanj_2014.png",,"4"
"992","421","mo-1-3.jpg",,"3"
"994","421","mo-1-5.jpg",,"5"
"995","421","mo-1-6.jpg",,"6"
"998","422","NOV-_olio_stanlio_1.jpg","NOV - Rosfraj rešetka polukružna","1"
"999","423","NOV-_olio_stanlio_2.jpg",,"1"
"1000","424","NOV-_olio_stanlio_3.jpg",,"1"
"1002","425","RV.jpg",,"1"
"1003","426","NOV-_olio_stanlio_4.jpg",,"1"
"1004","166","804-1W_3.jpg",,"3"
"1005","166","804-1W_4.jpg",,"4"
"1007","427","803b_vita_2.jpg",,"1"
"1008","427","803b_vita_3.jpg",,"2"
"1009","427","803b_vita_4.jpg",,"3"
"1010","427","803b_vita.jpg",,"4"
"1012","147","803w-p2.jpg",,"3"
"1013","147","803w-p3.jpg",,"4"
"1014","147","803w-p4.jpg",,"5"
"1015","148","803wp-1.jpg",,"2"
"1035","393","197-2-1214.jpg",,"19"
"1021","393","3.jpg",,"7"
"1022","393","4.jpg",,"8"
"1023","393","5.jpg",,"9"
"1026","393","7.jpg",,"12"
"1027","393","8.jpg",,"13"
"1034","393","197-2-4.jpg",,"18"
"1030","393","11.jpg",,"16"
"1031","393","12.jpg",,"17"
"1042","396","1-80-100.jpg",,"1"
"1043","396","1-10-00skica.jpg",,"5"
"1044","395","100-skica.jpg",,"5"
"1046","397","150-skica_1.jpg",,"3"
"1048","395","k_p1r00.jpg",,"4"
"1049","397","k_p2r00.jpg",,"2"
"1050","396","k_p1r001.jpg",,"4"
"1051","393","197-2-2sk.jpg",,"2"
"1052","393","197-2sk.jpg",,"3"
"1060","153","801c-cigla_1.jpg",,"4"
"1059","153","paella_801c_dekorativna_obloga.jpg","Dekorativna stara cigla kamin","3"
"1061","153","801c-cigla_2.jpg",,"5"
"1063","429","tanjur-za-kotolovinu.jpg",,"1"
"1065","430","sredstvo-za-ciscenje.jpg",,"1"
"1073","434","gusnata-peka.jpg",,"1"
"1075","435","gusnata-tabla-za-meso.jpg",,"1"
"1092","443","cistenje-stakla.jpg",,"1"
"1096","445","ventilator-za-zrak.jpg",,"1"
"1100","447","vrata-za-krusnu-pec.jpg",,"1"
"1101","448","tanjur-za-kotolovinu.jpg",,"1"
"1102","449","gusnata-peka.jpg",,"1"
"1104","451","ventilator-za-zrak.jpg",,"1"
"1105","452","vrata-za-krusnu-pec.jpg",,"1"
"1109","443","cistenje-stakl-2a.jpg",,"2"
"1795","453","samot-25x12-5x2.jpg",,"1"
"1796","454","samot-25x12-5x3.jpg",,"1"
"1801","455","samot-40x30x3.jpg",,"1"
"1117","457","307k.jpg",,"1"
"1802","456","samot-60x30x3.jpg",,"1"
"1119","458","305k.jpg",,"1"
"1120","457","307-1.jpg",,"2"
"1121","457","307-2.jpg",,"3"
"1122","457","307-3.jpg",,"4"
"1124","459","306-k.jpg",,"1"
"1125","459","306-k-2.jpg",,"2"
"1126","459","306-k-3.jpg",,"3"
"1129","460","464-4-f.jpg",,"1"
"1131","461","65S.jpg",,"1"
"1132","357","alfa_ls_b.jpg",,"2"
"1144","462","557-cp.jpg",,"1"
"1151","463","termometar-bmb.jpg",,"1"
"1153","464","vrata-tv-136-196-8.jpg",,"1"
"1155","465","vrata-tv-134-196-2.jpg",,"1"
"1156","466","vrata-tv-134-196-2.jpg",,"1"
"1290","467","60-de1.jpg",,"5"
"1167","469","mini-rostilj-1.jpg",,"1"
"1171","471","saturn-a2-sa-kamenom.jpg",,"1"
"1175","473","mars-a1.jpg",,"1"
"1177","474","kamin_Herkul-fn.jpg",,"1"
"1187","478","55SAMOTNA.jpg",,"1"
"1190","479","romantika-velika.jpg",,"1"
"1192","480","romantika-mala.jpg",,"1"
"1193","480","romantika-mala2.jpg",,"2"
"1196","481","ivancica.jpg",,"1"
"1199","483","196-3-196-4-dimnjak-lm-set-280.jpg",,"1"
"1200","484","196-3-196-4-dimnjak-lm-set-2801.jpg",,"1"
"1202","483","196-3-196-4-dimnjak-lm-set-280-2.jpg",,"2"
"1208","485","196-3-196-4-dimnjak-lm-set-280-3.jpg",,"1"
"1209","486","promasil-950ks.jpg",,"1"
"1210","486","promasil-4.jpg",,"2"
"1211","486","promasil-950-8.jpg",,"3"
"1212","486","promasil-950-9.jpg",,"4"
"1220","488","mini-wita-1.jpg",,"1"
"1221","488","mini-wita-2.jpg",,"2"
"1222","488","mini-wita-3.jpg",,"3"
"1223","488","mini-wita-4.jpg",,"4"
"1224","488","mini-wita5.jpg",,"5"
"1665","488","803-1w2.jpg",,"9"
"1226","488","mini-wita-1-1.jpg",,"7"
"1227","156","807b-16.jpg",,"2"
"1228","156","807b-14.jpg",,"3"
"1229","156","807b-15.jpg",,"4"
"1915","733","54_png.png",,"2"
"1395","53","top.png",,"4"
"1394","53","front.png",,"3"
"1393","53","bocno.png",,"2"
"1254","565","flat7.jpg",,"1"
"1264","568","VITRUMG3.jpg",,"1"
"1266","569","f3.jpg",,"1"
"1269","570","a2-saturn1.jpg",,"1"
"1271","571","modafg.jpg",,"1"
"1273","572","elipsesd.jpg",,"1"
"1274","567","c4-quattro_1.jpg",,"3"
"1277","395","100-1.jpg",,"6"
"1278","396","80-1.jpg",,"6"
"1279","397","150-1.jpg",,"4"
"1280","467","60-1.jpg",,"4"
"1282","467","60-2.jpg",,"3"
"1286","395","80a80.jpg",,"3"
"1284","395","80ac80.jpg",,"2"
"1287","396","80ac801.jpg",,"2"
"1288","396","80a801.jpg",,"3"
"1289","467","60d-1.jpg",,"2"
"1291","393","pizze.jpg",,"20"
"1304","580","45x51k-R.jpg",,"1"
"1301","578","45x68k.jpg",,"1"
"1299","577","45x57k.jpg",,"1"
"1307","581","45x57k-R.jpg",,"1"
"1309","582","45X51K-2.jpg",,"1"
"1311","583","55x45k.jpg",,"1"
"1313","584","55x51k.jpg",,"1"
"1315","585","55x57k.jpg",,"1"
"1317","586","55x51kR.jpg",,"1"
"1319","587","55x57kR.jpg",,"1"
"1321","588","65x45k.jpg",,"1"
"1323","589","65x51k.jpg",,"1"
"1325","590","65x57k.jpg",,"1"
"1327","591","65x51kR.jpg",,"1"
"1329","592","65x57kR.jpg",,"1"
"1331","593","65X51S.jpg",,"1"
"1333","594","65X57S.jpg",,"1"
"1335","595","75X39K.jpg",,"1"
"1337","596","75X57.jpg",,"1"
"1339","597","75X39K-2.jpg",,"1"
"1341","598","75x39s.jpg",,"1"
"1343","599","75x57s.jpg",,"1"
"1346","600","75X39S-2.jpg",,"1"
"1348","601","80x64s.jpg",,"1"
"1350","602","80x64s2.jpg",,"1"
"1352","603","97X74S.jpg",,"1"
"1354","604","55x55x51k.jpg",,"1"
"1356","605","55x55x57k.jpg",,"1"
"1358","606","55x55x68k.jpg",,"1"
"1360","607","55x55x51s.jpg",,"1"
"1362","608","55x55x57s.jpg",,"1"
"1364","609","69X49X57S.jpg",,"1"
"1366","610","69X49X57SL.jpg",,"1"
"1368","611","89x49x57l.jpg",,"1"
"1370","612","89x49x57d.jpg",,"1"
"1372","613","89x49s450r.jpg",,"1"
"1374","614","89x49s450l.jpg",,"1"
"1376","615","55s31.1.jpg",,"1"
"1378","616","55s3compact.jpg",,"1"
"1380","617","71x51xs3.jpg",,"1"
"1383","618","71x57s3.jpg",,"1"
"1386","619","97X450S.jpg",,"1"
"1388","620","4551kAQ.jpg",,"1"
"1390","621","6551kAQ.jpg",,"1"
"1391","620","shema.jpg",,"2"
"1392","621","shema1.jpg",,"2"
"1914","733","54_front_png.png",,"1"
"1908","32","janko_novi_png_mala.png",,"1"
"1406","330","ab_montazna_jama.jpg",,"2"
"1798","699","samot-25x12-5x4.jpg",,"1"
"1794","698","dimnjak_60-1.jpg",,"1"
"1792","697","30x40c.jpg",,"1"
"1779","691","hti.jpg",,"1"
"1785","692","20x30b.jpg",,"1"
"1786","693","20x30c.jpg",,"1"
"1784","694","20x40b.jpg",,"1"
"1788","695","20x40c.jpg",,"1"
"1444","486","ljepilo241.jpg",,"5"
"1790","696","30x40b.jpg",,"1"
"1772","690","ljepilo-za-visoke-temperature.jpg",,"1"
"1445","486","haftkleber-grey1.jpg",,"6"
"1452","624","promasil-25.jpg",,"7"
"1447","624","promasil-4.jpg",,"2"
"1448","624","promasil-950-8.jpg",,"3"
"1449","624","promasil-950-9.jpg",,"4"
"1450","624","ljepilo241.jpg",,"5"
"1451","624","haftkleber-grey1.jpg",,"6"
"1459","625","promasil-50.jpg",,"7"
"1454","625","promasil-4.jpg",,"2"
"1455","625","promasil-950-8.jpg",,"3"
"1456","625","promasil-950-9.jpg",,"4"
"1457","625","ljepilo241.jpg",,"5"
"1458","625","haftkleber-grey1.jpg",,"6"
"1486","630","Chester_4.jpg_19438305251.jpg",,"2"
"1485","630","Chester_3.jpg_1943830525.jpg",,"1"
"1484","629","ChesterCompact_Massskizze.jpg_7338970.jpg",,"4"
"1483","629","Chester_5.jpg_1943830525.jpg",,"3"
"1482","629","Chester_4.jpg_1943830525.jpg",,"2"
"1481","629","Chester_2.jpg_1943830525.jpg",,"1"
"1480","628","Bono_Massskizze.jpg_802007600.jpg",,"4"
"1479","628","bono_4.jpg_1943830525.jpg",,"3"
"1478","628","bono_3.jpg_1943830525.jpg",,"2"
"1477","628","bono_1.jpg_1943830525.jpg",,"1"
"1487","630","Chester_6.jpg_1943830525.jpg",,"3"
"1488","630","Chester_Massskizze.jpg_7338970.jpg",,"4"
"1489","631","Chester_1.jpg_1943830525.jpg",,"1"
"1490","631","ChesterXtra_Massskizze.jpg_7338970.jpg",,"2"
"1491","632","Dexter_1.jpg_1943830525.jpg",,"1"
"1492","632","Dexter_2.jpg_1943830525.jpg",,"2"
"1493","632","Dexter_3.jpg_1943830525.jpg",,"3"
"1494","632","Dexter_4.jpg_1943830525.jpg",,"4"
"1495","632","Dexter_5.jpg_1943830525.jpg",,"5"
"1496","632","Dexter_Massskizze.jpg_802007600.jpg",,"6"
"1497","633","Flok_1.jpg_1943830525.jpg",,"1"
"1498","633","Flok_2.jpg_1943830525.jpg",,"2"
"1499","633","Flok_3.jpg_1943830525.jpg",,"3"
"1500","633","Flok_4.jpg_1943830525.jpg",,"4"
"1501","633","Flok_5.jpg_1943830525.jpg",,"5"
"1502","633","Flok_Massskizze.jpg_7338970.jpg",,"6"
"1503","634","Fynn_06.jpg_1943830525.jpg",,"1"
"1504","634","Fynn_13.jpg_1943830525.jpg",,"2"
"1505","634","Fynn_16.jpg_1943830525.jpg",,"3"
"1506","634","Fynn_21.jpg_1943830525.jpg",,"4"
"1507","634","Fynn_26.jpg_1943830525.jpg",,"5"
"1508","634","Fynn_Massskizze.jpg_802007600.jpg",,"6"
"1509","635","Glass_1.jpg_1943830525.jpg",,"1"
"1510","635","Glass_2.jpg_1943830525.jpg",,"2"
"1511","635","Glass_3.jpg_1943830525.jpg",,"3"
"1512","635","Glass_4.jpg_1943830525.jpg",,"4"
"1513","635","Glass_5.jpg_1943830525.jpg",,"5"
"1514","635","Glass_Massskizze.jpg_7338970.jpg",,"6"
"1515","636","G1_1.jpg_1943830525.jpg",,"1"
"1516","636","G1_2.jpg_1943830525.jpg",,"2"
"1517","636","G1_3.jpg_1943830525.jpg",,"3"
"1518","636","G1_Massskizze.jpg_7338970.jpg",,"4"
"1519","637","jess_1.jpg_1943830525.jpg",,"1"
"1520","637","jess_2.jpg_1943830525.jpg",,"2"
"1521","637","jess_3.jpg_1943830525.jpg",,"3"
"1522","637","jess_4.jpg_1943830525.jpg",,"4"
"1523","637","Jess_Massskizze.jpg_802007600.jpg",,"5"
"1524","638","Jini_4.jpg_1943830525.jpg",,"1"
"1525","638","Jini_6.jpg_1943830525.jpg",,"2"
"1526","638","Jini_8.jpg_1943830525.jpg",,"3"
"1527","638","Jini_11.jpg_1943830525.jpg",,"4"
"1528","638","Jini_12.jpg_1943830525.jpg",,"5"
"1529","638","Jini_Massskizze..jpg_802007600.jpg",,"6"
"1530","639","Koko_1.jpg_1943830525.jpg",,"1"
"1531","639","Koko_2.jpg_1943830525.jpg",,"2"
"1532","639","Koko_3.jpg_1943830525.jpg",,"3"
"1533","639","Koko_4.jpg_1943830525.jpg",,"4"
"1534","639","Koko_5.jpg_1943830525.jpg",,"5"
"1535","639","Koko_Massskizze.jpg_7338970.jpg",,"6"
"1536","640","Koko_Xtra_1.jpg_1943830525.jpg",,"1"
"1537","640","Koko_Xtra_Massskizze.jpg_7338970.jpg",,"2"
"1538","641","Lounge_1.jpg_1943830525.jpg",,"1"
"1539","641","Lounge_2.jpg_1943830525.jpg",,"2"
"1540","641","Lounge_4.jpg_1943830525.jpg",,"3"
"1541","641","Lounge_5.jpg_1943830525.jpg",,"4"
"1542","641","Lounge_Massskizze.jpg_7338970.jpg",,"5"
"1543","642","Lucy_Cook_1.jpg_1943830525.jpg",,"1"
"1544","642","Lucy_Cook_2.jpg_1943830525.jpg",,"2"
"1545","642","Lucy_Cook_3.jpg_1943830525.jpg",,"3"
"1546","642","Lucy_Cook_4.jpg_1943830525.jpg",,"4"
"1547","642","Lucy_Cook_5.jpg_1943830525.jpg",,"5"
"1548","642","Lucy_Cook_Massskizze.jpg_7338970.jpg",,"6"
"1549","643","moby_1.jpg_1943830525.jpg",,"1"
"1550","643","moby_2.jpg_1943830525.jpg",,"2"
"1551","643","moby_3.jpg_1943830525.jpg",,"3"
"1552","643","moby_4.jpg_1943830525.jpg",,"4"
"1553","643","moby_5.jpg_1943830525.jpg",,"5"
"1554","643","Moby_Massskizze.jpg_802007600.jpg",,"6"
"1555","644","Mono_1.jpg_1943830525.jpg",,"1"
"1556","644","Mono_2.jpg_1943830525.jpg",,"2"
"1557","644","Mono_4.jpg_1943830525.jpg",,"3"
"1558","644","Mono_5.jpg_1943830525.jpg",,"4"
"1559","644","Mono_6.jpg_1943830525.jpg",,"5"
"1560","644","Mono_Massskizze.jpg_7338970.jpg",,"6"
"1561","645","Pallas_1.jpg_1943830525.jpg",,"1"
"1562","645","Pallas_2.jpg_1943830525.jpg",,"2"
"1563","645","Pallas_3.jpg_1943830525.jpg",,"3"
"1564","645","Pallas_4.jpg_1943830525.jpg",,"4"
"1565","645","Pallas_5.jpg_1943830525.jpg",,"5"
"1566","645","Pallas_Massskizze.jpg_7338970.jpg",,"6"
"1567","646","PallasBack_1.jpg_1943830525.jpg",,"1"
"1568","646","PallasBack_2.jpg_1943830525.jpg",,"2"
"1569","646","PallasBack_3.jpg_1943830525.jpg",,"3"
"1570","646","PallasBack_4.jpg_1943830525.jpg",,"4"
"1571","646","PallasBack_Massskizze.jpg_7338970.jpg",,"5"
"1572","647","PiKo_1.jpg_1943830525.jpg",,"1"
"1573","647","PiKo_2.jpg_1943830525.jpg",,"2"
"1574","647","PiKo_3.jpg_1943830525.jpg",,"3"
"1575","647","PiKo_4.jpg_1943830525.jpg",,"4"
"1576","647","PiKo_5.jpg_1943830525.jpg",,"5"
"1577","647","PiKo_Massskizze.jpg_7338970.jpg",,"6"
"1578","648","Ray_09.jpg_1943830525.jpg",,"1"
"1579","648","Ray_15.jpg_1943830525.jpg",,"2"
"1580","648","Ray_17.jpg_1943830525.jpg",,"3"
"1581","648","Ray_20.jpg_1943830525.jpg",,"4"
"1582","648","Ray_21.jpg_1943830525.jpg",,"5"
"1583","648","Ray_Massskizze.jpg_802007600.jpg",,"6"
"1584","649","Slim2.0_1.jpg_1943830525.jpg",,"1"
"1585","649","Slim2.0_2.jpg_1943830525.jpg",,"2"
"1586","649","Slim2.0_3.jpg_1943830525.jpg",,"3"
"1587","649","Slim2.0_4.jpg_1943830525.jpg",,"4"
"1588","649","Slim2.0_5.jpg_1943830525.jpg",,"5"
"1589","649","Slim2.0_Massskizze.jpg_7338998.jpg",,"6"
"1590","650","stila_1.jpg_1943830525.jpg",,"1"
"1591","650","stila_2.jpg_1943830525.jpg",,"2"
"1592","650","stila_3.jpg_1943830525.jpg",,"3"
"1593","650","stila_4.jpg_1943830525.jpg",,"4"
"1594","650","stila_5.jpg_1943830525.jpg",,"5"
"1595","650","Stila_Massskizze.jpg_802007600.jpg",,"6"
"1596","651","Tower_1.jpg_1943830525.jpg",,"1"
"1597","651","Tower_3.jpg_1943830525.jpg",,"2"
"1598","651","Tower_4.jpg_1943830525.jpg",,"3"
"1599","651","Tower_5.jpg_1943830525.jpg",,"4"
"1600","651","Tower_Massskizze.jpg_7338970.jpg",,"5"
"1601","652","uno_back_1.jpg_1943830525.jpg",,"1"
"1602","652","uno_back_2.jpg_1943830525.jpg",,"2"
"1603","652","UnoBack_Massskizze.jpg_802007600.jpg",,"3"
"1604","653","UnoXtra_1.jpg_1943830525.jpg",,"1"
"1605","653","UnoXtra_2.jpg_1943830525.jpg",,"2"
"1606","653","UnoXtra_3.jpg_1943830525.jpg",,"3"
"1607","653","UnoXtra_4.jpg_1943830525.jpg",,"4"
"1608","653","UnoXtra_5.jpg_1943830525.jpg",,"5"
"1609","653","UnoXtra_Massskizze.jpg_7338970.jpg",,"6"
"1610","654","Wien_1.jpg_1943830525.jpg",,"1"
"1611","654","Wien_2.jpg_1943830525.jpg",,"2"
"1612","654","Wien_3.jpg_1943830525.jpg",,"3"
"1613","654","Wien_Massskizze.jpg_7338970.jpg",,"4"
"1614","655","Yan_1.jpg_1943830525.jpg",,"1"
"1615","655","Yan_2.jpg_1943830525.jpg",,"2"
"1616","655","Yan_3.jpg_1943830525.jpg",,"3"
"1617","655","Yan_4.jpg_1943830525.jpg",,"4"
"1618","655","Yan_5.jpg_1943830525.jpg",,"5"
"1619","655","YanXtra_Massskizze.jpg_7338970.jpg",,"6"
"1620","656","bono_7.jpg_1943830525.jpg",,"1"
"1621","657","bono_4.jpg_19438305251.jpg",,"1"
"1622","657","bono_3.jpg_19438305251.jpg",,"2"
"1623","606","55x55K-68.jpg",,"2"
"1624","606","55x55K-68-2.jpg",,"3"
"1625","605","55x55K-57.jpg",,"2"
"1626","589","65K-510.jpg",,"2"
"1628","658","mv1.jpg",,"1"
"1629","658","mv2.jpg",,"2"
"1631","659","802o-s.jpg",,"1"
"1633","660","805b.jpg",,"1"
"1634","660","805b-2.jpg",,"2"
"1635","160","802sp.jpg",,"2"
"1638","155","800cp.jpg",,"6"
"1659","661","boje_prikaz.jpg",,"5"
"1641","661","801w-2.jpg",,"2"
"1650","153","801c.jpg",,"6"
"1649","664","800w.jpg",,"1"
"1647","663","800c.jpg",,"1"
"1651","152","800b.jpg",,"2"
"1652","661","800w1.jpg",,"4"
"1653","664","800w2.jpg",,"2"
"1654","157","807c.jpg",,"2"
"1662","156","807b.jpg",,"5"
"1657","665","807w.jpg",,"1"
"1660","664","boje_prikaz1.jpg",,"3"
"1661","665","boje_prikaz2.jpg",,"2"
"1663","488","803-1w.jpg",,"8"
"1666","162","803-1wP.jpg",,"2"
"1676","168","804-2sp-s.jpg",,"2"
"1675","167","804-1b2.jpg",,"3"
"1682","668","805sp.jpg",,"1"
"1680","667","805w.jpg",,"1"
"1684","669","808w.jpg",,"1"
"1685","669","808w2.jpg",,"2"
"1686","150","803SP.jpg",,"2"
"1689","670","802w.jpg",,"1"
"1690","670","802w2.jpg",,"2"
"1703","672","809br.jpg",,"1"
"1698","671","801-1c2.jpg",,"2"
"1699","671","801-1c3.jpg",,"3"
"1700","157","807c2.jpg",,"3"
"1697","671","801-1c.jpg",,"1"
"1704","158","802cp1.jpg",,"2"
"1705","158","802cp.jpg",,"3"
"1706","167","804-1b-5.jpg",,"4"
"1708","673","papas.jpg",,"1"
"1710","674","rustikana.jpg",,"1"
"1711","162","vit345.jpg",,"3"
"1713","675","55-1pecenjara.jpg",,"1"
"1714","675","55-1-11.jpg",,"2"
"1715","675","55-1115.jpg",,"3"
"1716","675","55-1212.jpg",,"4"
"1717","675","55-1235.jpg",,"5"
"1718","676","1.jpg",,"1"
"1719","677","1.jpg",,"1"
"1720","678","1.jpg",,"1"
"1721","679","1.jpg",,"1"
"1735","680","START-V7.jpg",,"1"
"1736","680","START-V7-2.jpg",,"2"
"1737","681","leda_karat_rund.jpg",,"1"
"1738","681","leda_karat_rund2.jpg",,"2"
"1739","358","71cl.jpg",,"2"
"1742","682","J__tul-F-601-N.jpg",,"3"
"1741","682","J__tul-F-601-N-2.jpg",,"2"
"1752","684","F118.jpg",,"1"
"1744","682","J__tul-F-601-N-5.jpg",,"5"
"1749","683","J__tul-F-602-N.jpg",,"2"
"1755","683","J__tul-F-602-n_1.jpg",,"4"
"1753","684","F118dim.jpg",,"2"
"1754","683","J__tul-F-602-n_1dim.jpg",,"3"
"1756","684","F118slik.jpg",,"3"
"1760","685","jotul-f3.jpg",,"1"
"1762","686","jotul-f8.jpg",,"1"
"1765","687","jotul-f100.jpg",,"1"
"1768","688","jotul-f3trb.jpg",,"1"
"1770","689","J__tul-F-163.jpg",,"1"
"1771","689","J__tul-F-163-s.jpg",,"2"
"1800","700","40x20x2-vuceni.jpg",,"1"
"1804","701","plamen-1-21.jpg",,"1"
"1805","701","plamen-21.jpg",,"2"
"1806","701","plamen-slika1.jpg",,"3"
"1810","702","plamen-31.jpg",,"4"
"1809","702","plamen-slika1.jpg",,"3"
"1811","702","plamen-3-11.jpg",,"5"
"1844","709","k_p1r00.jpg",,"4"
"1843","709","100-skica.jpg",,"5"
"1838","708","k_p1r001.jpg",,"4"
"1837","708","1-10-00skica.jpg",,"5"
"1836","708","1-80-100.jpg",,"1"
"1835","707","60d-1.jpg",,"2"
"1842","709","1-10-00.jpg",,"1"
"1841","708","80a801.jpg",,"3"
"1840","708","80ac801.jpg",,"2"
"1839","708","80-1.jpg",,"6"
"1834","707","60-2.jpg",,"3"
"1833","707","60-1.jpg",,"4"
"1832","707","60-de1.jpg",,"5"
"1845","709","100-1.jpg",,"6"
"1846","709","80a80.jpg",,"3"
"1847","709","80ac80.jpg",,"2"
"1848","710","1-1500.jpg",,"1"
"1849","710","150-skica_1.jpg",,"3"
"1850","710","k_p2r00.jpg",,"2"
"1851","710","150-1.jpg",,"4"
"1852","711","RN-007.jpg",,"1"
"1865","712","004sf800.png",,"1"
"1866","714","RV.jpg",,"1"
"1867","715","RN-007.jpg",,"1"
"1868","716","04__FOjpg.jpg",,"1"
"1869","717","RV.jpg",,"1"
"1870","718","004B.png",,"1"
"1871","716","04__FOjpg1.jpg",,"2"
"1874","719","127S2.png",,"1"
"1876","720","127Kmala.png",,"1"
"1879","721","128sp.png",,"1"
"1880","722","7-pikolo__1_.jpg",,"1"
"1881","723","RM--_1-2-3-kamini_.jpg",,"1"
"1883","724","04__-2_sm.png",,"1"
"1884","725","464-4-f.jpg",,"1"
"1887","726","minivita_BP.jpg",,"1"
"1888","727","013B.png",,"1"
"1890","728","53.png",,"1"
"1893","50","2.jpg",,"2"
"1894","50","554DFstari.jpg",,"3"
"1903","730","020_SFO_DTK_1_jpg.png",,"1"
"1905","731","020_S_-_2_png.png",,"1"
"1907","732","020_SFO-2_png.png",,"1"
"1916","733","PHOTO-2021-09-18-11-38-45.jpg",,"4"
"1917","733","IMG_5530.JPEG",,"3"
"1922","734","96B-manjaunutra.png",,"3"
"1920","734","96B_i_97B.jpeg",,"2"
"1926","735","97BP_manja_unutra.png",,"1"
"1927","735","96BP_i_97BP.jpeg",,"2"
"1931","736","96B_i_97B1.jpeg",,"2"
"1930","736","96B.png",,"1"
"1934","737","96BP.png",,"1"
"1935","737","96BP_i_97BP_2.jpeg",,"2"
"1937","738","127-2bp.png",,"1"
"1939","739","zardinjera_ruza_94bp.jpg",,"1"
"1941","740","333BP.jpg",,"1"
"1943","741","610_2_png.png",,"1"
"1944","741","610_png.png",,"2"
"1947","742","610K_png.png",,"1"
"1948","742","610K.JPEG",,"2"
"1950","743","ArMO_0rg.jpg",,"1"
"1952","744","79ioetpQ.jpg",,"1"
"1954","745","LnAkZwTg.jpg",,"1"
"1955","746","RN-007.jpg",,"1"
